{
  "project_info": {
    "project_number": "237676497210",
    "project_id": "mola-c4bdf",
    "storage_bucket": "mola-c4bdf.appspot.com"
  },
  "client": [
    {
      "client_info": {
        "mobilesdk_app_id": "1:237676497210:android:ad7014a99b06dc4053a803",
        "android_client_info": {
          "package_name": "com.example.mola"
        }
      },
      "oauth_client": [
        {
          "client_id": "237676497210-8nfp9kgenoiq00mm737ln1k8iro0qot6.apps.googleusercontent.com",
          "client_type": 3
        }
      ],
      "api_key": [
        {
          "current_key": "AIzaSyC2mbBX_V34An_DYjXrRTNlRWXfgV_9Ilc"
        }
      ],
      "services": {
        "appinvite_service": {
          "other_platform_oauth_client": [
            {
              "client_id": "237676497210-8nfp9kgenoiq00mm737ln1k8iro0qot6.apps.googleusercontent.com",
              "client_type": 3
            }
          ]
        }
      }
    }
  ],
  "configuration_version": "1"
}